Driver,Predicted Finish,Predicted Rank
PIA,8.228059714094455,1
VER,8.729513972904972,2
NOR,8.906255071680189,3
RUS,10.223838246435593,4
HUL,10.572910988655808,5
ALO,10.824303946057254,6
GAS,11.372028481076983,7
SAI,11.388368361854855,8
LEC,11.486401175562534,9
TSU,11.985826227667472,10
STR,13.543744798320628,12
HAM,14.363805382418883,13
ALB,14.75654615719244,15
